{
    "parent": "item/generated",
    "textures": {
        "layer0": "item/armor_stand"
    },
    "overrides":
	[
    {"predicate": {"custom_model_data": 6370001},"model": "redstone/receiver_item"},
    {"predicate": {"custom_model_data": 6370002},"model": "redstone/transmitter_item"},
    {"predicate": {"custom_model_data": 6370003},"model": "redstone/receiver"},
    {"predicate": {"custom_model_data": 6370004},"model": "redstone/transmitter"},
    {"predicate": {"custom_model_data": 6370005},"model": "redstone/detector_item_player"},
    {"predicate": {"custom_model_data": 6370006},"model": "redstone/detector_item_passive"},
    {"predicate": {"custom_model_data": 6370007},"model": "redstone/detector_item_hostile"},
    {"predicate": {"custom_model_data": 6370008},"model": "redstone/detector_player"},
    {"predicate": {"custom_model_data": 6370009},"model": "redstone/detector_passive"},
    {"predicate": {"custom_model_data": 6370010},"model": "redstone/detector_hostile"},
    {"predicate": {"custom_model_data": 6370011},"model": "redstone/collector_item"},
    {"predicate": {"custom_model_data": 6370012},"model": "redstone/collector"},

    {"predicate": {"custom_model_data": 6370101},"model": "machine/item/crusher"},
    {"predicate": {"custom_model_data": 6370102},"model": "machine/crusher"},

    {"predicate": {"custom_model_data": 6370120},"model": "machine/chunk_loader_star"},





    {"predicate": {"custom_model_data": 6370201},"model": "random/disguise/oak"},
    {"predicate": {"custom_model_data": 6370202},"model": "random/disguise/birch"},
    {"predicate": {"custom_model_data": 6370203},"model": "random/disguise/spruce"},
    {"predicate": {"custom_model_data": 6370204},"model": "random/disguise/jungle"},
    {"predicate": {"custom_model_data": 6370205},"model": "random/disguise/acacia"},
    {"predicate": {"custom_model_data": 6370206},"model": "random/disguise/brown_mushroom"},
    {"predicate": {"custom_model_data": 6370207},"model": "random/disguise/red_mushroom"},
    {"predicate": {"custom_model_data": 6370208},"model": "random/disguise/cactus"},
    {"predicate": {"custom_model_data": 6370209},"model": "random/disguise/stone"},
    {"predicate": {"custom_model_data": 6370210},"model": "random/disguise/sugar_cane"},
    {"predicate": {"custom_model_data": 6370211},"model": "random/disguise/lilac"},
    {"predicate": {"custom_model_data": 6370212},"model": "random/disguise/dead_bush"},

    {"predicate": {"custom_model_data": 6370301},"model": "swords/special/bamboo_spikes"},
    {"predicate": {"custom_model_data": 6370302},"model": "swords/special/anvil"},
    {"predicate": {"custom_model_data": 6370303},"model": "swords/special/dripstone"},
    {"predicate": {"custom_model_data": 6370304},"model": "swords/special/chain"},
    {"predicate": {"custom_model_data": 6370305},"model": "swords/special/amethyst1"},
    {"predicate": {"custom_model_data": 6370306},"model": "swords/special/amethyst2"},
    {"predicate": {"custom_model_data": 6370307},"model": "swords/special/amethyst3"},
    {"predicate": {"custom_model_data": 6370308},"model": "swords/special/amethyst4"},
    {"predicate": {"custom_model_data": 6370309},"model": "swords/special/pot"}

   
    ]
}
