{
  "parent": "minecraft:item/generated",
  "textures": {
    "layer0": "minecraft:item/item_frame"
  },
	"overrides": 
	[
    { "predicate": { "custom_model_data": 6370001}, "model": "crafter/custom_crafter"},
    { "predicate": { "custom_model_data": 6370002}, "model": "crafter/bow_crafter"},
    { "predicate": { "custom_model_data": 6370003}, "model": "crafter/ender_crafter"},
    { "predicate": { "custom_model_data": 6370004}, "model": "crafter/machine_crafter"},
    { "predicate": { "custom_model_data": 6370005}, "model": "crafter/redstone_crafter"},
    { "predicate": { "custom_model_data": 6370006}, "model": "crafter/sword_crafter"},
    { "predicate": { "custom_model_data": 6370007}, "model": "crafter/totem_crafter"},
    { "predicate": { "custom_model_data": 6370008}, "model": "crafter/diamond_crafter"},
    { "predicate": { "custom_model_data": 6370009}, "model": "crafter/axe_crafter"},
    { "predicate": { "custom_model_data": 6370010}, "model": "crafter/wand_crafter"},
    { "predicate": { "custom_model_data": 6370101}, "model": "machine/item/chunk_loader"},
    { "predicate": { "custom_model_data": 6370102}, "model": "machine/chunk_loader"},
    { "predicate": { "custom_model_data": 6370103},"model": "machine/item/washer"},
    { "predicate": { "custom_model_data": 6370104},"model": "machine/washer"},
    { "predicate": { "custom_model_data": 6370105},"model": "machine/washer_blade"},
    { "predicate": { "custom_model_data": 6370106},"model": "machine/item/saturator"},
    { "predicate": { "custom_model_data": 6370107},"model": "machine/saturator"},
    { "predicate": { "custom_model_data": 6370108},"model": "machine/item/breaker"},
    { "predicate": { "custom_model_data": 6370109},"model": "machine/breaker"},
    { "predicate": { "custom_model_data": 6370110},"model": "machine/breaker_up"},
    { "predicate": { "custom_model_data": 6370111},"model": "machine/breaker_down"},
    { "predicate": { "custom_model_data": 6370112},"model": "machine/item/placer"},
    { "predicate": { "custom_model_data": 6370113},"model": "machine/placer"},
    { "predicate": { "custom_model_data": 6370114},"model": "machine/placer_up"},
    { "predicate": { "custom_model_data": 6370115},"model": "machine/placer_down"},


    { "predicate": { "custom_model_data": 6371001}, "model": "security/cameras/dome"},
    { "predicate": { "custom_model_data": 6371002}, "model": "security/cameras/ceiling_mount"},
    { "predicate": { "custom_model_data": 6371003}, "model": "security/cameras/wall_mount"},
    { "predicate": { "custom_model_data": 6371004}, "model": "security/cameras/box"},
    { "predicate": { "custom_model_data": 6371005}, "model": "security/cameras/box_top"},
    { "predicate": { "custom_model_data": 6371006}, "model": "security/cameras/"},
    { "predicate": { "custom_model_data": 6371007}, "model": "security/cameras/"},
    { "predicate": { "custom_model_data": 6371008}, "model": "security/cameras/"},
    { "predicate": { "custom_model_data": 6371009}, "model": "security/cameras/"},
    { "predicate": { "custom_model_data": 6371010}, "model": "security/cameras/"},

    { "predicate": { "custom_model_data": 6371011}, "model": "security/terminals/test"},
    { "predicate": { "custom_model_data": 6371012}, "model": "security/terminals/"},
    { "predicate": { "custom_model_data": 6371013}, "model": "security/terminals/"},
    { "predicate": { "custom_model_data": 6371014}, "model": "security/terminals/"},
    { "predicate": { "custom_model_data": 6371015}, "model": "security/terminals/"},
    { "predicate": { "custom_model_data": 6371016}, "model": "security/terminals/"},
    { "predicate": { "custom_model_data": 6371017}, "model": "security/terminals/"},
    { "predicate": { "custom_model_data": 6371018}, "model": "security/terminals/"},
    { "predicate": { "custom_model_data": 6371019}, "model": "security/terminals/"},
    { "predicate": { "custom_model_data": 6371020}, "model": "security/terminals/"}







	]
	
}