{
    "parent": "item/generated",
    "textures": {
        "layer0": "item/leather_boots",
        "layer1": "item/leather_boots_overlay"
    },
	"overrides": 
	[
                { "predicate": { "custom_model_data": 6370001}, "model": "boots/1"},
                { "predicate": { "custom_model_data": 6370002}, "model": "boots/2"},	
                { "predicate": { "custom_model_data": 6370003}, "model": "boots/3"},	
                { "predicate": { "custom_model_data": 6370004}, "model": "boots/4"},	
                { "predicate": { "custom_model_data": 6370005}, "model": "boots/5"},
                { "predicate": { "custom_model_data": 6370006}, "model": "boots/6"},	
                { "predicate": { "custom_model_data": 6370007}, "model": "boots/7"},	
                { "predicate": { "custom_model_data": 6370008}, "model": "boots/8"},	
                { "predicate": { "custom_model_data": 6370009}, "model": "boots/9"},	
                { "predicate": { "custom_model_data": 6370010}, "model": "boots/10"},				
                { "predicate": { "custom_model_data": 6370011}, "model": "boots/11"},				
                { "predicate": { "custom_model_data": 6370012}, "model": "boots/12"},				
                { "predicate": { "custom_model_data": 6370013}, "model": "boots/13"},				
                { "predicate": { "custom_model_data": 6370014}, "model": "boots/14"},				
                { "predicate": { "custom_model_data": 6370015}, "model": "boots/15"}				
	]
}
