{
    "parent": "item/handheld_rod",
    "textures": {
        "layer0": "item/warped_fungus_on_a_stick"
    },
	"overrides":
	[
	{"predicate": {"custom_model_data": 6360001},"model": "totems/passive/bat"},
	{"predicate": {"custom_model_data": 6360002},"model": "totems/passive/cat"},
	{"predicate": {"custom_model_data": 6360003},"model": "totems/passive/chicken"},
	{"predicate": {"custom_model_data": 6360004},"model": "totems/passive/cow"},
	{"predicate": {"custom_model_data": 6360005},"model": "totems/passive/dog"},
	{"predicate": {"custom_model_data": 6360006},"model": "totems/passive/fish"},
	{"predicate": {"custom_model_data": 6360007},"model": "totems/passive/fox"},
	{"predicate": {"custom_model_data": 6360008},"model": "totems/passive/horse"},
	{"predicate": {"custom_model_data": 6360009},"model": "totems/passive/mooshroom"},
	{"predicate": {"custom_model_data": 6360010},"model": "totems/passive/ocelot"},
	{"predicate": {"custom_model_data": 6360011},"model": "totems/passive/parrot"},
	{"predicate": {"custom_model_data": 6360012},"model": "totems/passive/pig"},
	{"predicate": {"custom_model_data": 6360013},"model": "totems/passive/sheep"},
	{"predicate": {"custom_model_data": 6360014},"model": "totems/passive/snow_golem"},
	{"predicate": {"custom_model_data": 6360015},"model": "totems/passive/squid"},
	{"predicate": {"custom_model_data": 6360016},"model": "totems/passive/strider"},
	{"predicate": {"custom_model_data": 6360017},"model": "totems/passive/turtle"},
	{"predicate": {"custom_model_data": 6360018},"model": "totems/passive/villager"},
	{"predicate": {"custom_model_data": 6360019},"model": "totems/passive/wandering_trader"},
	{"predicate": {"custom_model_data": 6360020},"model": "totems/passive/wolf"},

	{"predicate": {"custom_model_data": 6360021},"model": "totems/neutral/bee"},
	{"predicate": {"custom_model_data": 6360022},"model": "totems/neutral/cave_spider"},
	{"predicate": {"custom_model_data": 6360023},"model": "totems/neutral/dolphin"},
	{"predicate": {"custom_model_data": 6360024},"model": "totems/neutral/enderman"},
	{"predicate": {"custom_model_data": 6360025},"model": "totems/neutral/iron_golem"},
	{"predicate": {"custom_model_data": 6360026},"model": "totems/neutral/llama"},
	{"predicate": {"custom_model_data": 6360027},"model": "totems/neutral/panda"},
	{"predicate": {"custom_model_data": 6360028},"model": "totems/neutral/piglin"},
	{"predicate": {"custom_model_data": 6360029},"model": "totems/neutral/polar_bear"},
	{"predicate": {"custom_model_data": 6360030},"model": "totems/neutral/pufferfish"},
	{"predicate": {"custom_model_data": 6360031},"model": "totems/neutral/spider"},
	{"predicate": {"custom_model_data": 6360032},"model": "totems/neutral/zombified_piglin"},

	{"predicate": {"custom_model_data": 6360033},"model": "totems/hostile/blaze"},
	{"predicate": {"custom_model_data": 6360034},"model": "totems/hostile/creeper"},
	{"predicate": {"custom_model_data": 6360035},"model": "totems/hostile/drowned"},
	{"predicate": {"custom_model_data": 6360036},"model": "totems/hostile/elder_guardian"},
	{"predicate": {"custom_model_data": 6360037},"model": "totems/hostile/endermite"},
	{"predicate": {"custom_model_data": 6360038},"model": "totems/hostile/evoker"},
	{"predicate": {"custom_model_data": 6360039},"model": "totems/hostile/ghast"},
	{"predicate": {"custom_model_data": 6360040},"model": "totems/hostile/guardian"},
	{"predicate": {"custom_model_data": 6360041},"model": "totems/hostile/hoglin"},
	{"predicate": {"custom_model_data": 6360042},"model": "totems/hostile/husk"},
	{"predicate": {"custom_model_data": 6360043},"model": "totems/hostile/magma_cube"},
	{"predicate": {"custom_model_data": 6360044},"model": "totems/hostile/phantom"},
	{"predicate": {"custom_model_data": 6360045},"model": "totems/hostile/piglin_brute"},
	{"predicate": {"custom_model_data": 6360046},"model": "totems/hostile/pillager"},
	{"predicate": {"custom_model_data": 6360047},"model": "totems/hostile/ravager"},
	{"predicate": {"custom_model_data": 6360048},"model": "totems/hostile/shulker"},
	{"predicate": {"custom_model_data": 6360049},"model": "totems/hostile/silverfish"},
	{"predicate": {"custom_model_data": 6360050},"model": "totems/hostile/skeleton"},
	{"predicate": {"custom_model_data": 6360051},"model": "totems/hostile/slime"},
	{"predicate": {"custom_model_data": 6360052},"model": "totems/hostile/stray"},
	{"predicate": {"custom_model_data": 6360053},"model": "totems/hostile/vex"},
	{"predicate": {"custom_model_data": 6360054},"model": "totems/hostile/witch"},
	{"predicate": {"custom_model_data": 6360055},"model": "totems/hostile/wither_skeleton"},
	{"predicate": {"custom_model_data": 6360056},"model": "totems/hostile/zoglin"},
	{"predicate": {"custom_model_data": 6360057},"model": "totems/hostile/zombie"},

	{"predicate": {"custom_model_data": 6360058},"model": "totems/boss/wither"},
	{"predicate": {"custom_model_data": 6360059},"model": "totems/boss/ender_dragon"},

	{"predicate": {"custom_model_data": 6360060},"model": "totems/hostile/illusioner"},


	{"predicate": {"custom_model_data": 6370001},"model": "random/potato_cannon"},

	{"predicate": {"custom_model_data": 6370101},"model": "wands/fireball"},
	{"predicate": {"custom_model_data": 6370102},"model": "wands/meteor"},
	{"predicate": {"custom_model_data": 6370103},"model": "wands/flamethrower"},
	{"predicate": {"custom_model_data": 6370104},"model": "wands/magma"},
	{"predicate": {"custom_model_data": 6370105},"model": "wands/ice"},
	{"predicate": {"custom_model_data": 6370106},"model": "wands/ice_spike"},
	{"predicate": {"custom_model_data": 6370107},"model": "wands/frost"},
	{"predicate": {"custom_model_data": 6370108},"model": "wands/lightning"},
	{"predicate": {"custom_model_data": 6370109},"model": "wands/thunder"},
	{"predicate": {"custom_model_data": 6370110},"model": "wands/electric"},
	{"predicate": {"custom_model_data": 6370111},"model": "wands/air"},
	{"predicate": {"custom_model_data": 6370112},"model": "wands/wind"},
	{"predicate": {"custom_model_data": 6370113},"model": "wands/hurricane"},
	{"predicate": {"custom_model_data": 6370114},"model": "wands/gust"},
	{"predicate": {"custom_model_data": 6370115},"model": "wands/rock"},
	{"predicate": {"custom_model_data": 6370116},"model": "wands/boulder"},
	{"predicate": {"custom_model_data": 6370117},"model": "wands/earth"},
	{"predicate": {"custom_model_data": 6370118},"model": "wands/ore"},
	{"predicate": {"custom_model_data": 6370119},"model": "wands/steel"},
	{"predicate": {"custom_model_data": 6370120},"model": "wands/darkness"},
	{"predicate": {"custom_model_data": 6370121},"model": "wands/shadow"},
	{"predicate": {"custom_model_data": 6370122},"model": "wands/cage"},
	{"predicate": {"custom_model_data": 6370123},"model": "wands/poison"},
	{"predicate": {"custom_model_data": 6370124},"model": "wands/dripstone"},
	{"predicate": {"custom_model_data": 6370125},"model": "wands/anvil"},
	{"predicate": {"custom_model_data": 6370126},"model": "wands/water"},
	{"predicate": {"custom_model_data": 6370127},"model": "wands/bubble"},
	{"predicate": {"custom_model_data": 6370128},"model": "wands/kfc"}


	]
}
