{
	"credit": "Made with Blockbench",
	"textures": {
		"0": "random/disguise/cyan_terracotta",
		"1": "random/disguise/diamond_block",
		"2": "random/disguise/gray_concrete",
		"3": "random/disguise/light_gray_concrete",
		"4": "random/disguise/red_concrete",
		"5": "random/disguise/white_concrete",
		"6": "random/disguise/black_concrete",
		"particle": "random/disguise/cyan_terracotta"
	},
	"elements": [
		{
			"from": [4, 2.03375, 7.3975],
			"to": [12, 14.03375, 9.3975],
			"rotation": {"angle": 0, "axis": "y", "origin": [11, 10.03375, 15.3975]},
			"faces": {
				"north": {"uv": [0, 0, 8, 12], "texture": "#5"},
				"east": {"uv": [0, 0, 2, 12], "texture": "#5"},
				"south": {"uv": [0, 0, 8, 12], "texture": "#5"},
				"west": {"uv": [0, 0, 2, 12], "texture": "#5"},
				"up": {"uv": [0, 0, 8, 2], "texture": "#5"},
				"down": {"uv": [0, 0, 8, 2], "texture": "#5"}
			}
		},
		{
			"from": [12, 2.03375, 6.3975],
			"to": [13, 14.03375, 10.3975],
			"rotation": {"angle": 0, "axis": "y", "origin": [12, 10.03375, 15.3975]},
			"faces": {
				"north": {"uv": [0, 0, 1, 12], "texture": "#0"},
				"east": {"uv": [0, 0, 4, 12], "texture": "#0"},
				"south": {"uv": [0, 0, 1, 12], "texture": "#0"},
				"west": {"uv": [0, 0, 4, 12], "texture": "#0"},
				"up": {"uv": [0, 0, 1, 4], "texture": "#0"},
				"down": {"uv": [0, 0, 1, 4], "texture": "#0"}
			}
		},
		{
			"from": [3, 2.03375, 6.3975],
			"to": [4, 14.03375, 10.3975],
			"rotation": {"angle": 0, "axis": "y", "origin": [4, 10.03375, 15.3975]},
			"faces": {
				"north": {"uv": [1, 0, 0, 12], "texture": "#0"},
				"east": {"uv": [4, 0, 0, 12], "texture": "#0"},
				"south": {"uv": [1, 0, 0, 12], "texture": "#0"},
				"west": {"uv": [4, 0, 0, 12], "texture": "#0"},
				"up": {"uv": [1, 0, 0, 4], "texture": "#0"},
				"down": {"uv": [1, 0, 0, 4], "texture": "#0"}
			}
		},
		{
			"from": [13, 3.03375, 7.3975],
			"to": [13.25, 13.03375, 9.3975],
			"rotation": {"angle": 0, "axis": "y", "origin": [13, 10.03375, 15.3975]},
			"faces": {
				"north": {"uv": [0, 0, 0.25, 10], "texture": "#6"},
				"east": {"uv": [0, 0, 2, 10], "texture": "#6"},
				"south": {"uv": [0, 0, 0.25, 10], "texture": "#6"},
				"west": {"uv": [0, 0, 2, 10], "texture": "#6"},
				"up": {"uv": [0, 0, 0.25, 2], "texture": "#6"},
				"down": {"uv": [0, 0, 0.25, 2], "texture": "#6"}
			}
		},
		{
			"from": [2.75, 3.03375, 7.3975],
			"to": [3, 13.03375, 9.3975],
			"rotation": {"angle": 0, "axis": "y", "origin": [3, 10.03375, 15.3975]},
			"faces": {
				"north": {"uv": [0.25, 0, 0, 10], "texture": "#6"},
				"east": {"uv": [2, 0, 0, 10], "texture": "#6"},
				"south": {"uv": [0.25, 0, 0, 10], "texture": "#6"},
				"west": {"uv": [2, 0, 0, 10], "texture": "#6"},
				"up": {"uv": [0.25, 0, 0, 2], "texture": "#6"},
				"down": {"uv": [0.25, 0, 0, 2], "texture": "#6"}
			}
		},
		{
			"from": [10.975, 12.75875, 6.5725],
			"to": [12.975, 15.53375, 9.3975],
			"rotation": {"angle": -45, "axis": "x", "origin": [12.475, 14.53375, 8.3975]},
			"faces": {
				"north": {"uv": [0, 0, 2, 2.775], "texture": "#2"},
				"east": {"uv": [0, 0, 2.825, 2.775], "texture": "#2"},
				"south": {"uv": [0, 0, 2, 2.775], "texture": "#2"},
				"west": {"uv": [0, 0, 2.825, 2.775], "texture": "#2"},
				"up": {"uv": [0, 0, 2, 2.825], "texture": "#2"},
				"down": {"uv": [0, 0, 2, 2.825], "texture": "#2"}
			}
		},
		{
			"from": [3.025, 12.75875, 6.5725],
			"to": [5.025, 15.53375, 9.3975],
			"rotation": {"angle": -45, "axis": "x", "origin": [3.525, 14.53375, 8.3975]},
			"faces": {
				"north": {"uv": [1, 0, 3, 2.775], "texture": "#2"},
				"east": {"uv": [2.825, 0, 5.65, 2.775], "texture": "#2"},
				"south": {"uv": [1, 0, 3, 2.775], "texture": "#2"},
				"west": {"uv": [2.825, 0, 5.65, 2.775], "texture": "#2"},
				"up": {"uv": [1, 0, 3, 2.825], "texture": "#2"},
				"down": {"uv": [1, 0, 3, 2.825], "texture": "#2"}
			}
		},
		{
			"from": [10.975, 0.53375, 6.5725],
			"to": [12.975, 3.30875, 9.3975],
			"rotation": {"angle": 45, "axis": "x", "origin": [12.475, 1.53375, 8.3975]},
			"faces": {
				"north": {"uv": [0, 2.775, 2, 5.55], "texture": "#2"},
				"east": {"uv": [0, 2.775, 2.825, 5.55], "texture": "#2"},
				"south": {"uv": [0, 2.775, 2, 5.55], "texture": "#2"},
				"west": {"uv": [0, 2.775, 2.825, 5.55], "texture": "#2"},
				"up": {"uv": [0, 2.825, 2, 5.65], "texture": "#2"},
				"down": {"uv": [0, 2.825, 2, 5.65], "texture": "#2"}
			}
		},
		{
			"from": [5, 1.28375, 6.5725],
			"to": [11, 4.05875, 9.3975],
			"rotation": {"angle": 45, "axis": "x", "origin": [10.5, 2.28375, 8.3975]},
			"faces": {
				"north": {"uv": [0, 2.775, 6, 5.55], "texture": "#0"},
				"east": {"uv": [0, 2.775, 2.825, 5.55], "texture": "#0"},
				"south": {"uv": [0, 2.775, 6, 5.55], "texture": "#0"},
				"west": {"uv": [0, 2.775, 2.825, 5.55], "texture": "#0"},
				"up": {"uv": [0, 2.825, 6, 5.65], "texture": "#0"},
				"down": {"uv": [0, 2.825, 6, 5.65], "texture": "#0"}
			}
		},
		{
			"from": [5, 12.00875, 6.5725],
			"to": [11, 14.78375, 9.3975],
			"rotation": {"angle": -45, "axis": "x", "origin": [10.5, 13.78375, 8.3975]},
			"faces": {
				"north": {"uv": [0, 5.55, 6, 8.325], "texture": "#0"},
				"east": {"uv": [0, 5.55, 2.825, 8.325], "texture": "#0"},
				"south": {"uv": [0, 5.55, 6, 8.325], "texture": "#0"},
				"west": {"uv": [0, 5.55, 2.825, 8.325], "texture": "#0"},
				"up": {"uv": [0, 5.65, 6, 8.475], "texture": "#0"},
				"down": {"uv": [0, 5.65, 6, 8.475], "texture": "#0"}
			}
		},
		{
			"from": [3.025, 0.53375, 6.5725],
			"to": [5.025, 3.30875, 9.3975],
			"rotation": {"angle": 45, "axis": "x", "origin": [3.525, 1.53375, 8.3975]},
			"faces": {
				"north": {"uv": [1, 2.775, 3, 5.55], "texture": "#2"},
				"east": {"uv": [2.825, 2.775, 5.65, 5.55], "texture": "#2"},
				"south": {"uv": [1, 2.775, 3, 5.55], "texture": "#2"},
				"west": {"uv": [2.825, 2.775, 5.65, 5.55], "texture": "#2"},
				"up": {"uv": [1, 2.825, 3, 5.65], "texture": "#2"},
				"down": {"uv": [1, 2.825, 3, 5.65], "texture": "#2"}
			}
		},
		{
			"from": [2.025, 6.53375, 6.5725],
			"to": [6.025, 9.30875, 9.3975],
			"rotation": {"angle": 45, "axis": "x", "origin": [2.525, 7.53375, 8.3975]},
			"faces": {
				"north": {"uv": [1, 2.775, 5, 5.55], "texture": "#3"},
				"east": {"uv": [2.825, 2.775, 5.65, 5.55], "texture": "#3"},
				"south": {"uv": [1, 2.775, 5, 5.55], "texture": "#3"},
				"west": {"uv": [2.825, 2.775, 5.65, 5.55], "texture": "#3"},
				"up": {"uv": [1, 2.825, 5, 5.65], "texture": "#3"},
				"down": {"uv": [1, 2.825, 5, 5.65], "texture": "#3"}
			}
		},
		{
			"from": [2.025, 10.53375, 6.5725],
			"to": [6.025, 13.30875, 9.3975],
			"rotation": {"angle": 45, "axis": "x", "origin": [2.525, 11.53375, 8.3975]},
			"faces": {
				"north": {"uv": [1, 2.775, 5, 5.55], "texture": "#3"},
				"east": {"uv": [2.825, 2.775, 5.65, 5.55], "texture": "#3"},
				"south": {"uv": [1, 2.775, 5, 5.55], "texture": "#3"},
				"west": {"uv": [2.825, 2.775, 5.65, 5.55], "texture": "#3"},
				"up": {"uv": [1, 2.825, 5, 5.65], "texture": "#3"},
				"down": {"uv": [1, 2.825, 5, 5.65], "texture": "#3"}
			}
		},
		{
			"from": [2.025, 2.53375, 6.5725],
			"to": [6.025, 5.30875, 9.3975],
			"rotation": {"angle": 45, "axis": "x", "origin": [2.525, 3.53375, 8.3975]},
			"faces": {
				"north": {"uv": [1, 2.775, 5, 5.55], "texture": "#3"},
				"east": {"uv": [2.825, 2.775, 5.65, 5.55], "texture": "#3"},
				"south": {"uv": [1, 2.775, 5, 5.55], "texture": "#3"},
				"west": {"uv": [2.825, 2.775, 5.65, 5.55], "texture": "#3"},
				"up": {"uv": [1, 2.825, 5, 5.65], "texture": "#3"},
				"down": {"uv": [1, 2.825, 5, 5.65], "texture": "#3"}
			}
		},
		{
			"from": [9.975, 6.53375, 6.5725],
			"to": [13.975, 9.30875, 9.3975],
			"rotation": {"angle": 45, "axis": "x", "origin": [13.475, 7.53375, 8.3975]},
			"faces": {
				"north": {"uv": [5, 2.775, 1, 5.55], "texture": "#3"},
				"east": {"uv": [5.65, 2.775, 2.825, 5.55], "texture": "#3"},
				"south": {"uv": [5, 2.775, 1, 5.55], "texture": "#3"},
				"west": {"uv": [5.65, 2.775, 2.825, 5.55], "texture": "#3"},
				"up": {"uv": [5, 2.825, 1, 5.65], "texture": "#3"},
				"down": {"uv": [5, 2.825, 1, 5.65], "texture": "#3"}
			}
		},
		{
			"from": [9.975, 10.53375, 6.5725],
			"to": [13.975, 13.30875, 9.3975],
			"rotation": {"angle": 45, "axis": "x", "origin": [13.475, 11.53375, 8.3975]},
			"faces": {
				"north": {"uv": [5, 2.775, 9, 5.55], "texture": "#3"},
				"east": {"uv": [5.65, 2.775, 8.475, 5.55], "texture": "#3"},
				"south": {"uv": [5, 2.775, 9, 5.55], "texture": "#3"},
				"west": {"uv": [5.65, 2.775, 8.475, 5.55], "texture": "#3"},
				"up": {"uv": [5, 2.825, 9, 5.65], "texture": "#3"},
				"down": {"uv": [5, 2.825, 9, 5.65], "texture": "#3"}
			}
		},
		{
			"from": [9.975, 2.53375, 6.5725],
			"to": [13.975, 5.30875, 9.3975],
			"rotation": {"angle": 45, "axis": "x", "origin": [13.475, 3.53375, 8.3975]},
			"faces": {
				"north": {"uv": [5, 2.775, 9, 5.55], "texture": "#3"},
				"east": {"uv": [5.65, 2.775, 8.475, 5.55], "texture": "#3"},
				"south": {"uv": [5, 2.775, 9, 5.55], "texture": "#3"},
				"west": {"uv": [5.65, 2.775, 8.475, 5.55], "texture": "#3"},
				"up": {"uv": [5, 2.825, 9, 5.65], "texture": "#3"},
				"down": {"uv": [5, 2.825, 9, 5.65], "texture": "#3"}
			}
		},
		{
			"from": [6, 6.03375, 6.3975],
			"to": [10, 10.03375, 7.3975],
			"rotation": {"angle": 0, "axis": "y", "origin": [11, 10.03375, 14.3975]},
			"faces": {
				"north": {"uv": [0, 0, 4, 4], "texture": "#4"},
				"east": {"uv": [0, 0, 1, 4], "texture": "#4"},
				"south": {"uv": [0, 0, 4, 4], "texture": "#4"},
				"west": {"uv": [0, 0, 1, 4], "texture": "#4"},
				"up": {"uv": [0, 0, 4, 1], "texture": "#4"},
				"down": {"uv": [0, 0, 4, 1], "texture": "#4"}
			}
		},
		{
			"from": [5, 10.53375, 7.1475],
			"to": [11, 12.53375, 8.1475],
			"rotation": {"angle": 0, "axis": "y", "origin": [11, 11.53375, 15.1475]},
			"faces": {
				"north": {"uv": [4, 7, 10, 9], "texture": "#1"},
				"east": {"uv": [0, 0, 1, 2], "texture": "#1"},
				"south": {"uv": [0, 0, 6, 2], "texture": "#1"},
				"west": {"uv": [0, 0, 1, 2], "texture": "#1"},
				"up": {"uv": [0, 0, 6, 1], "texture": "#1"},
				"down": {"uv": [0, 0, 6, 1], "texture": "#1"}
			}
		},
		{
			"from": [5, 3.53375, 7.1475],
			"to": [11, 5.53375, 8.1475],
			"rotation": {"angle": 0, "axis": "y", "origin": [11, 4.53375, 15.1475]},
			"faces": {
				"north": {"uv": [4, 7, 10, 9], "texture": "#1"},
				"east": {"uv": [0, 0, 1, 2], "texture": "#1"},
				"south": {"uv": [0, 0, 6, 2], "texture": "#1"},
				"west": {"uv": [0, 0, 1, 2], "texture": "#1"},
				"up": {"uv": [0, 0, 6, 1], "texture": "#1"},
				"down": {"uv": [0, 0, 6, 1], "texture": "#1"}
			}
		}
	],
	"gui_light": "front",
	"display": {
		"thirdperson_righthand": {
			"rotation": [75, 45, 0],
			"translation": [0, 2.5, 0],
			"scale": [0, 0, 0]
		},
		"firstperson_righthand": {
			"rotation": [0, 120, 0],
			"translation": [-1, 3.75, 1],
			"scale": [0.56, 0.56, 0.56]
		},
		"firstperson_lefthand": {
			"rotation": [0, 120, 0],
			"translation": [-1, 3.75, 1],
			"scale": [0.56, 0.56, 0.56]
		},
		"ground": {
			"scale": [0.43, 0.43, 0.43]
		},
		"gui": {
			"rotation": [30, 225, 0],
			"scale": [0.93, 0.93, 0.93]
		},
		"fixed": {
			"translation": [0, 0, -1.25]
		}
	}
}